<Objs Version="1.1.0.1" xmlns="http://schemas.microsoft.com/powershell/2004/04">
  <Obj RefId="0">
    <TN RefId="0">
      <T>Microsoft.PowerShell.Commands.PSRepositoryItemInfo</T>
      <T>System.Management.Automation.PSCustomObject</T>
      <T>System.Object</T>
    </TN>
    <MS>
      <S N="Name">cNtfsAccessControl</S>
      <Version N="Version">1.4.1</Version>
      <S N="Type">Module</S>
      <S N="Description">The cNtfsAccessControl module contains DSC resources for NTFS access control management.</S>
      <S N="Author">Serge Nikalaichyk</S>
      <S N="CompanyName">SNikalaichyk</S>
      <S N="Copyright">(c) 2018 Serge Nikalaichyk. All rights reserved.</S>
      <DT N="PublishedDate">2019-02-06T16:41:41+01:00</DT>
      <Obj N="InstalledDate" RefId="1">
        <DT>2021-04-08T13:59:39.9411397+02:00</DT>
        <MS>
          <Obj N="DisplayHint" RefId="2">
            <TN RefId="1">
              <T>Microsoft.PowerShell.Commands.DisplayHintType</T>
              <T>System.Enum</T>
              <T>System.ValueType</T>
              <T>System.Object</T>
            </TN>
            <ToString>DateTime</ToString>
            <I32>2</I32>
          </Obj>
        </MS>
      </Obj>
      <Nil N="UpdatedDate" />
      <URI N="LicenseUri">https://github.com/SNikalaichyk/cNtfsAccessControl/blob/master/LICENSE</URI>
      <URI N="ProjectUri">https://github.com/SNikalaichyk/cNtfsAccessControl</URI>
      <Nil N="IconUri" />
      <Obj N="Tags" RefId="3">
        <TN RefId="2">
          <T>System.Object[]</T>
          <T>System.Array</T>
          <T>System.Object</T>
        </TN>
        <LST>
          <S>AccessControl</S>
          <S>ACL</S>
          <S>DesiredStateConfiguration</S>
          <S>DirectorySecurity</S>
          <S>DSC</S>
          <S>FileSecurity</S>
          <S>FileSystem</S>
          <S>FileSystemSecurity</S>
          <S>NTFS</S>
          <S>PSModule</S>
        </LST>
      </Obj>
      <Obj N="Includes" RefId="4">
        <TN RefId="3">
          <T>System.Collections.Hashtable</T>
          <T>System.Object</T>
        </TN>
        <DCT>
          <En>
            <S N="Key">DscResource</S>
            <Obj N="Value" RefId="5">
              <TNRef RefId="2" />
              <LST>
                <S>cNtfsAuditEntry</S>
                <S>cNtfsAuditInheritance</S>
                <S>cNtfsPermissionEntry</S>
                <S>cNtfsPermissionsInheritance</S>
              </LST>
            </Obj>
          </En>
          <En>
            <S N="Key">Workflow</S>
            <Obj N="Value" RefId="6">
              <TNRef RefId="2" />
              <LST />
            </Obj>
          </En>
          <En>
            <S N="Key">Function</S>
            <Ref N="Value" RefId="6" />
          </En>
          <En>
            <S N="Key">RoleCapability</S>
            <Ref N="Value" RefId="6" />
          </En>
          <En>
            <S N="Key">Cmdlet</S>
            <Ref N="Value" RefId="6" />
          </En>
          <En>
            <S N="Key">Command</S>
            <Ref N="Value" RefId="6" />
          </En>
        </DCT>
      </Obj>
      <Nil N="PowerShellGetFormatVersion" />
      <Nil N="ReleaseNotes" />
      <Obj N="Dependencies" RefId="7">
        <TNRef RefId="2" />
        <LST />
      </Obj>
      <S N="RepositorySourceLocation">https://www.powershellgallery.com/api/v2</S>
      <S N="Repository">PSGallery</S>
      <S N="PackageManagementProvider">NuGet</S>
      <Obj N="AdditionalMetadata" RefId="8">
        <TN RefId="4">
          <T>System.Management.Automation.PSCustomObject</T>
          <T>System.Object</T>
        </TN>
        <MS>
          <S N="copyright">(c) 2018 Serge Nikalaichyk. All rights reserved.</S>
          <S N="description">The cNtfsAccessControl module contains DSC resources for NTFS access control management.</S>
          <S N="requireLicenseAcceptance">False</S>
          <S N="isLatestVersion">True</S>
          <S N="isAbsoluteLatestVersion">True</S>
          <S N="versionDownloadCount">95399</S>
          <S N="downloadCount">297260</S>
          <S N="packageSize">37791</S>
          <S N="published">6. 02. 2019 16:41:41 +01:00</S>
          <S N="created">6. 02. 2019 16:41:41 +01:00</S>
          <S N="lastUpdated">8. 04. 2021 11:56:00 +02:00</S>
          <S N="tags">AccessControl ACL DesiredStateConfiguration DirectorySecurity DSC FileSecurity FileSystem FileSystemSecurity NTFS PSModule PSDscResource_cNtfsAuditEntry PSDscResource_cNtfsAuditInheritance PSDscResource_cNtfsPermissionEntry PSDscResource_cNtfsPermissionsInheritance PSIncludes_DscResource</S>
          <S N="developmentDependency">False</S>
          <S N="updated">2021-04-08T11:56:00Z</S>
          <S N="NormalizedVersion">1.4.1</S>
          <S N="Authors">Serge Nikalaichyk</S>
          <S N="IsPrerelease">false</S>
          <S N="ItemType">Module</S>
          <S N="FileList">cNtfsAccessControl.nuspec|appveyor.yml|cNtfsAccessControl.psd1|LICENSE|README.md|Examples\Sample_cNtfsPermissionEntry.ps1|Examples\Sample_cNtfsPermissionsInheritance.ps1|DSCResources\cNtfsAuditEntry\cNtfsAuditEntry.psm1|DSCResources\cNtfsAuditEntry\cNtfsAuditEntry.schema.mof|DSCResources\cNtfsAuditInheritance\cNtfsAuditInheritance.psm1|DSCResources\cNtfsAuditInheritance\cNtfsAuditInheritance.schema.mof|DSCResources\cNtfsPermissionEntry\cNtfsPermissionEntry.psm1|DSCResources\cNtfsPermissionEntry\cNtfsPermissionEntry.schema.mof|DSCResources\cNtfsPermissionsInheritance\cNtfsPermissionsInheritance.psm1|DSCResources\cNtfsPermissionsInheritance\cNtfsPermissionsInheritance.schema.mof|Tests\Integration\cNtfsPermissionEntry.Config.ps1|Tests\Integration\cNtfsPermissionEntry.Integration.Tests.ps1|Tests\Integration\cNtfsPermissionsInheritance.Config.ps1|Tests\Integration\cNtfsPermissionsInheritance.Integration.Tests.ps1|Tests\Unit\cNtfsAuditEntry.Tests.ps1|Tests\Unit\cNtfsAuditInheritance.Tests.ps1|Tests\Unit\cNtfsPermissionEntry.Tests.ps1|Tests\Unit\cNtfsPermissionsInheritance.Tests.ps1</S>
          <S N="GUID">8c4ba730-7d8e-4522-8c7e-a1b45108594c</S>
          <S N="PowerShellVersion">4.0</S>
          <S N="CLRVersion">4.0</S>
        </MS>
      </Obj>
      <S N="InstalledLocation">C:\Users\akasnik\Documents\PowerShell\Modules\cNtfsAccessControl\1.4.1</S>
    </MS>
  </Obj>
</Objs>
